"","decade","mean"
"1","1970s",35.6318114874816
"2","1980s",36.0394736842105
"3","1990s",55.9847953216374
"4","2000s",61.4182795698925
"5","2010s~now",67.1059360730594
